week_start,week,engine,date_from,date_to,query,shows,clicks,avg_position,ctr,cluster
2026-08-17,2026-W34,yandex,2026-08-18,2026-08-24,мерлион b2b,81,1,3.667,0.01235,b2b
2026-08-17,2026-W34,yandex,2026-08-18,2026-08-24,ocs b2b,65,0,4.615,0,b2b
2026-08-17,2026-W34,yandex,2026-08-18,2026-08-24,мерлион б2б,63,1,4.524,0.01587,b2b
2026-08-17,2026-W34,yandex,2026-08-18,2026-08-24,модуль 1с для маркетплейсов,57,0,7.842,0,mp
2026-08-17,2026-W34,yandex,2026-08-18,2026-08-24,модуль маркетплейсов 1с,53,0,7.132,0,mp
2026-08-17,2026-W34,yandex,2026-08-18,2026-08-24,merlion b2b,48,1,3.792,0.02083,b2b
2026-08-17,2026-W34,yandex,2026-08-18,2026-08-24,модули маркетплейсов для 1с,46,0,6.783,0,mp
2026-08-17,2026-W34,yandex,2026-08-18,2026-08-24,втт б2б,41,0,4,0,b2b
2026-08-17,2026-W34,yandex,2026-08-18,2026-08-24,втт b2b,37,1,4.892,0.02703,b2b
2026-08-17,2026-W34,yandex,2026-08-18,2026-08-24,интеграция сайта с 1с цена,36,0,4.806,0,site
2026-08-17,2026-W34,yandex,2026-08-18,2026-08-24,ресурс медиа b2b,36,0,4.028,0,b2b
2026-08-17,2026-W34,yandex,2026-08-18,2026-08-24,1с ут интеграция с маркетплейсами,35,0,9.457,0,mp
2026-08-17,2026-W34,yandex,2026-08-18,2026-08-24,модуль интеграции 1с с маркетплейсами,35,0,7.8,0,mp
2026-08-17,2026-W34,yandex,2026-08-18,2026-08-24,treolan b2b,32,1,7.063,0.03125,b2b
2026-08-17,2026-W34,yandex,2026-08-18,2026-08-24,b2b ocs,28,0,4.607,0,b2b
2026-08-17,2026-W34,yandex,2026-08-18,2026-08-24,b2b treolan,26,0,5.808,0,b2b
2026-08-17,2026-W34,yandex,2026-08-18,2026-08-24,vtt b2b,26,1,5.077,0.03846,b2b
2026-08-17,2026-W34,yandex,2026-08-18,2026-08-24,втт b2b личный кабинет,21,0,3.476,0,b2b
2026-08-17,2026-W34,yandex,2026-08-18,2026-08-24,стоимость внедрения 1с erp на производственном предприятии,21,0,11,0,impl
2026-08-17,2026-W34,yandex,2026-08-18,2026-08-24,1с внедрение ка,19,0,7.526,0,impl
2026-08-17,2026-W34,yandex,2026-08-18,2026-08-24,внедрение 1с комплексная автоматизация,19,0,8.684,0,impl
2026-08-17,2026-W34,yandex,2026-08-18,2026-08-24,b2b merlion,19,0,4.474,0,b2b
2026-08-17,2026-W34,yandex,2026-08-18,2026-08-24,интеграция с маркетплейсами 1с,16,0,10.813,0,mp
2026-08-17,2026-W34,yandex,2026-08-18,2026-08-24,треолан б2б,16,0,8,0,b2b
2026-08-17,2026-W34,yandex,2026-08-18,2026-08-24,интеграция 1с с сайтом цена,15,0,5.6,0,site
2026-08-17,2026-W34,yandex,2026-08-18,2026-08-24,модуль для работы с маркетплейсами для 1с,14,0,6.214,0,mp
2026-08-17,2026-W34,yandex,2026-08-18,2026-08-24,комплексная автоматизация продажи,13,0,35.692,0,impl
2026-08-17,2026-W34,yandex,2026-08-18,2026-08-24,переход на унф группа компаний,13,0,10.308,0,impl
2026-08-17,2026-W34,yandex,2026-08-18,2026-08-24,1с кп проф на 12 месяцев цена,12,0,8.25,0,lic
2026-08-17,2026-W34,yandex,2026-08-18,2026-08-24,внедрение битрикс 24 цена,12,0,20.417,0,impl
2026-08-17,2026-W34,yandex,2026-08-18,2026-08-24,интеграция с озон 1с ут,12,0,9.417,0,mp
2026-08-17,2026-W34,yandex,2026-08-18,2026-08-24,модуль маркетплейс 1с,12,0,7.667,0,mp
2026-08-17,2026-W34,yandex,2026-08-18,2026-08-24,осиэс b2b,12,0,7.667,0,b2b
2026-08-17,2026-W34,yandex,2026-08-18,2026-08-24,b2b dssl,12,0,5.75,0,b2b
2026-08-17,2026-W34,yandex,2026-08-18,2026-08-24,ocs b2b вход,12,0,8.5,0,b2b
2026-08-17,2026-W34,yandex,2026-08-18,2026-08-24,treolan b2b вход,12,0,8.833,0,b2b
2026-08-17,2026-W34,yandex,2026-08-18,2026-08-24,втт личный кабинет,11,0,5.364,0,b2b
2026-08-17,2026-W34,yandex,2026-08-18,2026-08-24,интеграция 1с цена,11,0,8.636,0,other
2026-08-17,2026-W34,yandex,2026-08-18,2026-08-24,комплексное внедрение 1с,11,0,10.182,0,impl
2026-08-17,2026-W34,yandex,2026-08-18,2026-08-24,мерлион b2b вход,11,0,8.182,0,b2b
2026-08-17,2026-W34,yandex,2026-08-18,2026-08-24,ресурс медиа b2b вход,11,0,8.455,0,b2b
2026-08-17,2026-W34,yandex,2026-08-18,2026-08-24,1с комплект поддержки проф на 12 месяцев,10,0,10.3,0,lic
2026-08-17,2026-W34,yandex,2026-08-18,2026-08-24,интеграция с маркетплейсами,10,0,28.8,0,mp
2026-08-17,2026-W34,yandex,2026-08-18,2026-08-24,мерлион в2в,10,1,4.2,0.1,b2b
2026-08-17,2026-W34,yandex,2026-08-18,2026-08-24,1с комплект поддержки базовый,9,0,10.667,0,lic
2026-08-17,2026-W34,yandex,2026-08-18,2026-08-24,1с кп базовый итс на 12 мес,9,0,7.556,0,lic
2026-08-17,2026-W34,yandex,2026-08-18,2026-08-24,3logic b2b,9,0,3.889,0,b2b
2026-08-17,2026-W34,yandex,2026-08-18,2026-08-24,мерлион б2б вход,9,0,10.444,0,b2b
2026-08-17,2026-W34,yandex,2026-08-18,2026-08-24,стоимость однопользовательской лицензии 1с,9,0,8.444,0,lic
2026-08-17,2026-W34,yandex,2026-08-18,2026-08-24,1с документооборот внедрение стоимость,8,0,10,0,impl
2026-08-17,2026-W34,yandex,2026-08-18,2026-08-24,1с кп базовый на 12 месяцев цена,8,0,8,0,lic
2026-08-17,2026-W34,yandex,2026-08-18,2026-08-24,1с кп проф на 24 месяца,8,0,9.75,0,lic
2026-08-17,2026-W34,yandex,2026-08-18,2026-08-24,1с мини сервер на 5 пользователей ограничения,8,0,8.25,0,other
2026-08-17,2026-W34,yandex,2026-08-18,2026-08-24,аллсан,8,2,1.375,0.25,brand
2026-08-17,2026-W34,yandex,2026-08-18,2026-08-24,обслуживание 1с бухгалтерии 8.3 стоимость,8,0,8.625,0,support
2026-08-17,2026-W34,yandex,2026-08-18,2026-08-24,b2b ресурс медиа,8,0,4.375,0,b2b
2026-08-17,2026-W34,yandex,2026-08-18,2026-08-24,b2b.treolan.ru,8,0,6.75,0,b2b
2026-08-17,2026-W34,yandex,2026-08-18,2026-08-24,1 с предприятие 83 цена,7,0,8.857,0,other
2026-08-17,2026-W34,yandex,2026-08-18,2026-08-24,1с зеленоград,7,0,7.429,0,other
2026-08-17,2026-W34,yandex,2026-08-18,2026-08-24,1с ка стоимость,7,0,13.571,0,other
2026-08-17,2026-W34,yandex,2026-08-18,2026-08-24,1с кп базовый льготная цена,7,0,6.857,0,lic
2026-08-17,2026-W34,yandex,2026-08-18,2026-08-24,1с кп проф на 12,7,0,6.857,0,lic
2026-08-17,2026-W34,yandex,2026-08-18,2026-08-24,1с медицина диетическое питание редакция 2.0,7,0,4.429,0,other
2026-08-17,2026-W34,yandex,2026-08-18,2026-08-24,1с:кп гу проф,7,0,10,0,other
2026-08-17,2026-W34,yandex,2026-08-18,2026-08-24,50 лицензий 1с,7,0,8.286,0,lic
2026-08-17,2026-W34,yandex,2026-08-18,2026-08-24,аллсан интеграция,7,2,1.714,0.28571,brand
2026-08-17,2026-W34,yandex,2026-08-18,2026-08-24,б2б мерлион,7,0,4.714,0,b2b
2026-08-17,2026-W34,yandex,2026-08-18,2026-08-24,внедрение битрикс 24 тарифы,7,0,7.143,0,impl
2026-08-17,2026-W34,yandex,2026-08-18,2026-08-24,"интеграция 1с с маркетплейсами ozon, wildberries",7,0,6.429,0,mp
2026-08-17,2026-W34,yandex,2026-08-18,2026-08-24,интеграция озон тарифы,7,0,8.429,0,mp
2026-08-17,2026-W34,yandex,2026-08-18,2026-08-24,продление поддержки упп,7,0,7.714,0,other
2026-08-17,2026-W34,yandex,2026-08-18,2026-08-24,русский свет личный кабинет для юридических лиц,7,0,7,0,other
2026-08-17,2026-W34,yandex,2026-08-18,2026-08-24,синхронизация 1с стоимость,7,0,8.143,0,other
2026-08-17,2026-W34,yandex,2026-08-18,2026-08-24,1с комплект поддержки базовый на 12 месяцев,6,0,6.5,0,lic
2026-08-17,2026-W34,yandex,2026-08-18,2026-08-24,1с кп базовый на 1 месяц,6,0,4.833,0,lic
2026-08-17,2026-W34,yandex,2026-08-18,2026-08-24,1с кп упп на 12 месяцев,6,0,2.833,0,other
2026-08-17,2026-W34,yandex,2026-08-18,2026-08-24,1с управление торговлей проф 8 электронная поставка,6,0,9,0,other
2026-08-17,2026-W34,yandex,2026-08-18,2026-08-24,1с:предприятие 8.3 проф. лицензия на сервер (x86-64). электронная поставка,6,0,6.333,0,lic
2026-08-17,2026-W34,yandex,2026-08-18,2026-08-24,алсан,6,0,2.167,0,brand
2026-08-17,2026-W34,yandex,2026-08-18,2026-08-24,аувикс б2б,6,1,3,0.16667,b2b
2026-08-17,2026-W34,yandex,2026-08-18,2026-08-24,битрикс 24 внедрение стоимость,6,0,31.667,0,impl
2026-08-17,2026-W34,yandex,2026-08-18,2026-08-24,внедрение crm для производства мебели,6,0,12,0,impl
2026-08-17,2026-W34,yandex,2026-08-18,2026-08-24,втт б2б вход в личный,6,0,8.167,0,b2b
2026-08-17,2026-W34,yandex,2026-08-18,2026-08-24,интеграция 1с стоимость,6,0,8.667,0,other
2026-08-17,2026-W34,yandex,2026-08-18,2026-08-24,интеграция сайта с 1с подольск,6,1,8.667,0.16667,site
2026-08-17,2026-W34,yandex,2026-08-18,2026-08-24,комплексная автоматизация 1с внедрение,6,0,8.833,0,impl
2026-08-17,2026-W34,yandex,2026-08-18,2026-08-24,купить 1 с предприятие 83 цена,6,0,9.5,0,other
2026-08-17,2026-W34,yandex,2026-08-18,2026-08-24,русский свет интеграция,6,0,7.833,0,other
2026-08-17,2026-W34,yandex,2026-08-18,2026-08-24,телеграм бот для кафе,6,0,8.333,0,tg
2026-08-17,2026-W34,yandex,2026-08-18,2026-08-24,auvix b2b,6,0,3.333,0,b2b
2026-08-17,2026-W34,yandex,2026-08-18,2026-08-24,b2b elko,6,0,2,0,b2b
2026-08-17,2026-W34,yandex,2026-08-18,2026-08-24,dssl b2b,6,0,5,0,b2b
2026-08-17,2026-W34,yandex,2026-08-18,2026-08-24,merlion b2b вход,6,0,7.5,0,b2b
2026-08-17,2026-W34,yandex,2026-08-18,2026-08-24,osc b2b,6,0,7.833,0,b2b
2026-08-17,2026-W34,yandex,2026-08-18,2026-08-24,1с документооборот 8 проф электронная поставка,5,0,9.6,0,impl
2026-08-17,2026-W34,yandex,2026-08-18,2026-08-24,1с кп базовый 12 мес,5,0,8.4,0,lic
2026-08-17,2026-W34,yandex,2026-08-18,2026-08-24,1с кп базовый купить,5,0,8.8,0,lic
2026-08-17,2026-W34,yandex,2026-08-18,2026-08-24,1с кп проф льготный,5,0,8.6,0,lic
2026-08-17,2026-W34,yandex,2026-08-18,2026-08-24,1с кп проф на 12 месяцев,5,0,10.4,0,lic
2026-08-17,2026-W34,yandex,2026-08-18,2026-08-24,1с кп упп,5,0,2.6,0,other
2026-08-17,2026-W34,yandex,2026-08-18,2026-08-24,1с кп упп на 12 месяцев цена,5,0,4.6,0,other
2026-08-17,2026-W34,yandex,2026-08-18,2026-08-24,1с предприятие 8 проф клиентская лицензия на 5 рабочих мест электронная поставка,5,0,8.4,0,lic
2026-08-17,2026-W34,yandex,2026-08-18,2026-08-24,1с-эдо. эпд-600,5,0,10.4,0,other
2026-08-17,2026-W34,yandex,2026-08-18,2026-08-24,интеграция маркетплейсов стоимость,5,0,10.8,0,mp
2026-08-17,2026-W34,yandex,2026-08-18,2026-08-24,интеграция маркетплейсов цена,5,0,12.2,0,mp
2026-08-17,2026-W34,yandex,2026-08-18,2026-08-24,интеграция с маркетплейсами 1с ут,5,0,9.6,0,mp
2026-08-17,2026-W34,yandex,2026-08-18,2026-08-24,интеграция сайта с 1с подольск top topic,5,0,4.6,0,site
2026-08-17,2026-W34,yandex,2026-08-18,2026-08-24,итс сппр,5,1,5.6,0.2,lic
2026-08-17,2026-W34,yandex,2026-08-18,2026-08-24,как отразить перевыставление услуг маркетплейсом озон в 1с,5,0,7,0,mp
2026-08-17,2026-W34,yandex,2026-08-18,2026-08-24,настройка битрикс 24 цена,5,0,13.8,0,bitrix
2026-08-17,2026-W34,yandex,2026-08-18,2026-08-24,треолан b2b,5,0,8.6,0,b2b
2026-08-17,2026-W34,yandex,2026-08-18,2026-08-24,allsun integration,5,0,1.8,0,brand
2026-08-17,2026-W34,yandex,2026-08-18,2026-08-24,b2b digis,5,0,3.2,0,b2b
2026-08-17,2026-W34,yandex,2026-08-18,2026-08-24,b2b vtt,5,0,6,0,b2b
2026-08-17,2026-W34,yandex,2026-08-18,2026-08-24,b2b.resource-media,5,0,5,0,b2b
2026-08-17,2026-W34,yandex,2026-08-18,2026-08-24,b2b.resurs-media,5,0,5.2,0,b2b
2026-08-17,2026-W34,yandex,2026-08-18,2026-08-24,marvel b2b,5,0,4.4,0,b2b
2026-08-17,2026-W34,yandex,2026-08-18,2026-08-24,resource media b2b,5,0,3.8,0,b2b
2026-08-17,2026-W34,yandex,2026-08-18,2026-08-24,1с автоматизация внедрение,4,0,17.25,0,impl
2026-08-17,2026-W34,yandex,2026-08-18,2026-08-24,1с документооборот 8 стоимость внедрения,4,0,9.5,0,impl
2026-08-17,2026-W34,yandex,2026-08-18,2026-08-24,1с интеграция с ozon стоимость,4,1,6.5,0.25,mp
2026-08-17,2026-W34,yandex,2026-08-18,2026-08-24,1с комплексная автоматизация внедрение,4,0,8.25,0,impl
2026-08-17,2026-W34,yandex,2026-08-18,2026-08-24,1с комплексная автоматизация внедрение стоимость,4,0,3.5,0,impl
2026-08-17,2026-W34,yandex,2026-08-18,2026-08-24,1с кп гу проф на 12 месяцев,4,0,6.5,0,other
2026-08-17,2026-W34,yandex,2026-08-18,2026-08-24,1с кп проф на 12 месяцев льготная цена,4,0,8,0,lic
2026-08-17,2026-W34,yandex,2026-08-18,2026-08-24,1с предприятие 8 общепит электронная поставка,4,0,9.75,0,other
2026-08-17,2026-W34,yandex,2026-08-18,2026-08-24,1с ут wb,4,0,10.25,0,mp
2026-08-17,2026-W34,yandex,2026-08-18,2026-08-24,1с: комплект поддержки для госучреждения. проф на 12 месяцев,4,0,6.5,0,lic
2026-08-17,2026-W34,yandex,2026-08-18,2026-08-24,1с: кп проф на 12 месяцев цена,4,0,6.5,0,lic
2026-08-17,2026-W34,yandex,2026-08-18,2026-08-24,внедрение 1с 8 стоимость,4,0,8.75,0,impl
2026-08-17,2026-W34,yandex,2026-08-18,2026-08-24,внедрение 1с ут,4,0,15.5,0,impl
2026-08-17,2026-W34,yandex,2026-08-18,2026-08-24,внедрение комплексной автоматизации 1с,4,0,7.75,0,impl
2026-08-17,2026-W34,yandex,2026-08-18,2026-08-24,дссл б2б,4,0,8,0,b2b
2026-08-17,2026-W34,yandex,2026-08-18,2026-08-24,интеграция озон стоимость,4,0,10.25,0,mp
2026-08-17,2026-W34,yandex,2026-08-18,2026-08-24,интеграция озон цена,4,0,10.75,0,mp
2026-08-17,2026-W34,yandex,2026-08-18,2026-08-24,купить 1с унф проф,4,0,38.25,0,impl
2026-08-17,2026-W34,yandex,2026-08-18,2026-08-24,найти модуль для учета товаров на маркетплейсе wildberries,4,0,9.75,0,mp
2026-08-17,2026-W34,yandex,2026-08-18,2026-08-24,обслуживание 1с бухгалтерии 8.3,4,0,8.5,0,support
2026-08-17,2026-W34,yandex,2026-08-18,2026-08-24,ооо «аллсан интеграция»,4,1,2.5,0.25,brand
2026-08-17,2026-W34,yandex,2026-08-18,2026-08-24,перенос данных из ут 10.3 в унф скачать торрент,4,0,7.75,0,impl
2026-08-17,2026-W34,yandex,2026-08-18,2026-08-24,русский свет api,4,0,6.75,0,other
2026-08-17,2026-W34,yandex,2026-08-18,2026-08-24,сколько стоит перенос данных ут 8 на ут 11,4,0,4.5,0,other
2026-08-17,2026-W34,yandex,2026-08-18,2026-08-24,стоимость внедрение erp систем,4,0,10,0,impl
2026-08-17,2026-W34,yandex,2026-08-18,2026-08-24,стоимость внедрения 1с документооборот,4,0,16,0,impl
2026-08-17,2026-W34,yandex,2026-08-18,2026-08-24,стоимость внедрения erp систем,4,0,8.5,0,impl
2026-08-17,2026-W34,yandex,2026-08-18,2026-08-24,треолан b2 вход,4,0,7,0,b2b
2026-08-17,2026-W34,yandex,2026-08-18,2026-08-24,чат бот для 1c,4,0,7.25,0,tg
2026-08-17,2026-W34,yandex,2026-08-18,2026-08-24,alsun,4,1,2.5,0.25,other
2026-08-17,2026-W34,yandex,2026-08-18,2026-08-24,b2b втт,4,0,6,0,b2b
2026-08-17,2026-W34,yandex,2026-08-18,2026-08-24,b2b мерлион,4,0,4.5,0,b2b
2026-08-17,2026-W34,yandex,2026-08-18,2026-08-24,b2b merlion вход в личный кабинет,4,0,7.75,0,b2b
2026-08-17,2026-W34,yandex,2026-08-18,2026-08-24,b2b.osc,4,0,8,0,b2b
2026-08-17,2026-W34,yandex,2026-08-18,2026-08-24,ocs б2б,4,0,5.25,0,b2b
2026-08-17,2026-W34,yandex,2026-08-18,2026-08-24,ozon интеграция с 1с,4,0,10.25,0,mp
2026-08-17,2026-W34,yandex,2026-08-18,2026-08-24,vtt b2b вход в личный,4,0,6,0,b2b
2026-08-17,2026-W34,yandex,2026-08-18,2026-08-24,1с внедрение ка юик,3,0,6.667,0,impl
2026-08-17,2026-W34,yandex,2026-08-18,2026-08-24,1с итс на 12 месяцев,3,0,9.667,0,lic
2026-08-17,2026-W34,yandex,2026-08-18,2026-08-24,1с ка интеграция с маркетплейсами,3,0,9.667,0,mp
2026-08-17,2026-W34,yandex,2026-08-18,2026-08-24,1с кп гу базовый,3,0,9.667,0,other
2026-08-17,2026-W34,yandex,2026-08-18,2026-08-24,1с кп проф купить,3,0,9,0,lic
2026-08-17,2026-W34,yandex,2026-08-18,2026-08-24,1с предприятие 8.3 проф лицензия на сервер x86-64 электронная поставка,3,0,7.333,0,lic
2026-08-17,2026-W34,yandex,2026-08-18,2026-08-24,1с сервер мини ограничения,3,0,10,0,other
2026-08-17,2026-W34,yandex,2026-08-18,2026-08-24,1с ут wildberries,3,0,16,0,mp
2026-08-17,2026-W34,yandex,2026-08-18,2026-08-24,1с фреш медицина,3,0,7,0,lic
2026-08-17,2026-W34,yandex,2026-08-18,2026-08-24,"1с:кп отраслевой базовый, 1-я категория",3,0,11.333,0,other
2026-08-17,2026-W34,yandex,2026-08-18,2026-08-24,1с:кп проф на 12 месяцев,3,0,11.333,0,lic
2026-08-17,2026-W34,yandex,2026-08-18,2026-08-24,1с:кп проф на 12 месяцев по схеме 8+4,3,0,7.333,0,lic
2026-08-17,2026-W34,yandex,2026-08-18,2026-08-24,1с:предприятие 8 проф. клиентская лицензия на 10 рабочих мест. электронная поставка,3,0,6.667,0,lic
2026-08-17,2026-W34,yandex,2026-08-18,2026-08-24,1с:предприятие 8 проф. клиентская лицензия на 20 рабочих мест. электронная поставка,3,0,7.667,0,lic
2026-08-17,2026-W34,yandex,2026-08-18,2026-08-24,1с:предприятие 8 проф. клиентская лицензия на 5 рабочих мест. электронная поставка,3,0,10,0,lic
2026-08-17,2026-W34,yandex,2026-08-18,2026-08-24,20 лицензий 1с,3,0,7,0,lic
2026-08-17,2026-W34,yandex,2026-08-18,2026-08-24,3 лоджик b2b,3,0,5.333,0,b2b
2026-08-17,2026-W34,yandex,2026-08-18,2026-08-24,битрикс внедрение цена,3,0,7,0,impl
2026-08-17,2026-W34,yandex,2026-08-18,2026-08-24,бот для бухгалтерии,3,1,9.667,0.33333,tg
2026-08-17,2026-W34,yandex,2026-08-18,2026-08-24,внедрение 1с бухгалтерия 8,3,0,15.667,0,impl
2026-08-17,2026-W34,yandex,2026-08-18,2026-08-24,внедрение 1с документооборот стоимость,3,0,9.667,0,impl
2026-08-17,2026-W34,yandex,2026-08-18,2026-08-24,втт в2в,3,1,4,0.33333,b2b
2026-08-17,2026-W34,yandex,2026-08-18,2026-08-24,заказать интеграцию корпоративного сайта с учетной системой 1с,3,0,11.667,0,site
2026-08-17,2026-W34,yandex,2026-08-18,2026-08-24,интегратор 1с,3,0,17.667,0,other
2026-08-17,2026-W34,yandex,2026-08-18,2026-08-24,интеграторы 1с,3,0,37.667,0,other
2026-08-17,2026-W34,yandex,2026-08-18,2026-08-24,интеграция 1с заказать,3,0,9.333,0,other
2026-08-17,2026-W34,yandex,2026-08-18,2026-08-24,интеграция 1с с маркетплейсами,3,0,17,0,mp
2026-08-17,2026-W34,yandex,2026-08-18,2026-08-24,итс 8+4,3,0,11,0,lic
2026-08-17,2026-W34,yandex,2026-08-18,2026-08-24,как увеличить количество загружаемых данных в миграции из до 2 в до 3,3,0,12,0,other
2026-08-17,2026-W34,yandex,2026-08-18,2026-08-24,клиентская лицензия на 10 рабочих мест 1с,3,0,8,0,lic
2026-08-17,2026-W34,yandex,2026-08-18,2026-08-24,комплексная автоматизация crm,3,0,48.333,0,impl
2026-08-17,2026-W34,yandex,2026-08-18,2026-08-24,контроль работы менеджеров в телеграмме,3,0,3.667,0,tg
2026-08-17,2026-W34,yandex,2026-08-18,2026-08-24,кп проф на 24 месяца,3,0,7.333,0,lic
2026-08-17,2026-W34,yandex,2026-08-18,2026-08-24,купить 20 лицензий 1с,3,0,7.667,0,lic
2026-08-17,2026-W34,yandex,2026-08-18,2026-08-24,марвел b2b,3,0,2,0,b2b
2026-08-17,2026-W34,yandex,2026-08-18,2026-08-24,о программном продукте и состав 1с:предприятие 8.3 проф. лицензия на сервер (x86-64). электронная поставка,3,0,8.667,0,lic
2026-08-17,2026-W34,yandex,2026-08-18,2026-08-24,обслуживание 1с бухгалтерии 8 3,3,0,8.333,0,support
2026-08-17,2026-W34,yandex,2026-08-18,2026-08-24,перенос данных из ут 10.3 в ут 11.5,3,0,11,0,other
2026-08-17,2026-W34,yandex,2026-08-18,2026-08-24,переход с упп на унф,3,0,9.667,0,impl
2026-08-17,2026-W34,yandex,2026-08-18,2026-08-24,переход с ут 10.3,3,0,12.667,0,other
2026-08-17,2026-W34,yandex,2026-08-18,2026-08-24,сколько стоит интеграция 1с,3,0,9.333,0,other
2026-08-17,2026-W34,yandex,2026-08-18,2026-08-24,стоимость внедрения 1с комплексная автоматизация,3,0,5.333,0,impl
2026-08-17,2026-W34,yandex,2026-08-18,2026-08-24,цена интеграции 1с с корпоративным b2b порталом,3,0,10,0,b2b
2026-08-17,2026-W34,yandex,2026-08-18,2026-08-24,этм личный кабинет для юридических лиц,3,0,10,0,b2b
2026-08-17,2026-W34,yandex,2026-08-18,2026-08-24,этм api,3,0,6,0,b2b
2026-08-17,2026-W34,yandex,2026-08-18,2026-08-24,alsn интеграция озон,3,1,2,0.33333,brand
2026-08-17,2026-W34,yandex,2026-08-18,2026-08-24,b2b 3logic,3,0,3.667,0,b2b
2026-08-17,2026-W34,yandex,2026-08-18,2026-08-24,b2b осиэс,3,0,8.667,0,b2b
2026-08-17,2026-W34,yandex,2026-08-18,2026-08-24,b2b auvix,3,0,3.333,0,b2b
2026-08-17,2026-W34,yandex,2026-08-18,2026-08-24,b2b ocs ru,3,0,7.667,0,b2b
2026-08-17,2026-W34,yandex,2026-08-18,2026-08-24,b2b.merlion,3,0,4.333,0,b2b
2026-08-17,2026-W34,yandex,2026-08-18,2026-08-24,etm api,3,0,4.333,0,other
2026-08-17,2026-W34,yandex,2026-08-18,2026-08-24,etm ipro2 личный кабинет,3,0,8,0,other
2026-08-17,2026-W34,yandex,2026-08-18,2026-08-24,ocs ru b2b,3,0,8.667,0,b2b
2026-08-17,2026-W34,yandex,2026-08-18,2026-08-24,rfid-метки в 1с бухгалтерия,3,0,4.333,0,other
2026-08-17,2026-W34,yandex,2026-08-18,2026-08-24,"""бот технической поддержки""",2,0,9.5,0,tg
2026-08-17,2026-W34,yandex,2026-08-18,2026-08-24,1с 8 3 сервер цена лицензии,2,0,36,0,lic
2026-08-17,2026-W34,yandex,2026-08-18,2026-08-24,1с внедрение ка svcnet,2,0,7.5,0,impl
2026-08-17,2026-W34,yandex,2026-08-18,2026-08-24,1с диетическое питание 2.0,2,0,4,0,other
2026-08-17,2026-W34,yandex,2026-08-18,2026-08-24,1с документооборот 8 корп электронная поставка,2,0,13,0,impl
2026-08-17,2026-W34,yandex,2026-08-18,2026-08-24,1с документооборот стоимость внедрения,2,0,9.5,0,impl
2026-08-17,2026-W34,yandex,2026-08-18,2026-08-24,1с итс гу проф,2,0,10,0,lic
2026-08-17,2026-W34,yandex,2026-08-18,2026-08-24,1с комплексная автоматизация стоимость,2,0,14.5,0,impl
2026-08-17,2026-W34,yandex,2026-08-18,2026-08-24,1с комплексная автоматизация управленческий учет под ключ,2,0,7,0,impl
2026-08-17,2026-W34,yandex,2026-08-18,2026-08-24,1с комплект поддержки для государственных учреждений проф,2,0,10.5,0,lic
2026-08-17,2026-W34,yandex,2026-08-18,2026-08-24,1с комплект поддержки итс,2,0,7,0,lic
2026-08-17,2026-W34,yandex,2026-08-18,2026-08-24,1с комплект поддержки медицина,2,0,12.5,0,lic
2026-08-17,2026-W34,yandex,2026-08-18,2026-08-24,1с комплект поддержки проф льготный,2,0,7,0,lic
2026-08-17,2026-W34,yandex,2026-08-18,2026-08-24,1с комплект поддержки проф на 12,2,0,10,0,lic
2026-08-17,2026-W34,yandex,2026-08-18,2026-08-24,1с контрагент безлимитный на 12 месяцев,2,0,9.5,0,other
2026-08-17,2026-W34,yandex,2026-08-18,2026-08-24,1с кп базовый на 12 месяцев,2,0,8,0,lic
2026-08-17,2026-W34,yandex,2026-08-18,2026-08-24,1с кп базовый на 12 месяцев льготная цена,2,0,7.5,0,lic
2026-08-17,2026-W34,yandex,2026-08-18,2026-08-24,1с кп базовый на 6 месяцев,2,0,5.5,0,lic
2026-08-17,2026-W34,yandex,2026-08-18,2026-08-24,1с кп гу проф что это,2,0,10,0,other
2026-08-17,2026-W34,yandex,2026-08-18,2026-08-24,1с кп медицина на 12 месяцев,2,0,4.5,0,other
2026-08-17,2026-W34,yandex,2026-08-18,2026-08-24,1с кп проф на 12 месяцев по схеме 8 4,2,0,7.5,0,lic
2026-08-17,2026-W34,yandex,2026-08-18,2026-08-24,1с кп проф на 6 месяцев купить,2,0,10.5,0,lic
2026-08-17,2026-W34,yandex,2026-08-18,2026-08-24,1с кп упп цена,2,0,2.5,0,other
2026-08-17,2026-W34,yandex,2026-08-18,2026-08-24,1с кп упп цена итс плюс,2,0,5.5,0,lic
2026-08-17,2026-W34,yandex,2026-08-18,2026-08-24,1с медицина регион для интеграции с егисз,2,0,10,0,other
2026-08-17,2026-W34,yandex,2026-08-18,2026-08-24,1с переход с 10 3 на 11 5,2,0,11.5,0,other
2026-08-17,2026-W34,yandex,2026-08-18,2026-08-24,1с предприятие 8 управление торговлей коробочная поставка,2,0,10,0,other
2026-08-17,2026-W34,yandex,2026-08-18,2026-08-24,1с предприятие 8.3. сервер мини,2,0,9,0,other
2026-08-17,2026-W34,yandex,2026-08-18,2026-08-24,1с розница 8 ювелирный магазин электронная поставка,2,0,10,0,other
2026-08-17,2026-W34,yandex,2026-08-18,2026-08-24,1с синхронизация с маркетплейсами,2,0,9,0,mp
2026-08-17,2026-W34,yandex,2026-08-18,2026-08-24,1с упп цена,2,0,9,0,other
2026-08-17,2026-W34,yandex,2026-08-18,2026-08-24,1с управление торговлей внедрение,2,0,29.5,0,impl
2026-08-17,2026-W34,yandex,2026-08-18,2026-08-24,1с управление торговлей проф 8 электронная поставка svcnet,2,0,8.5,0,other
2026-08-17,2026-W34,yandex,2026-08-18,2026-08-24,1с этп базис,2,0,6.5,0,other
2026-08-17,2026-W34,yandex,2026-08-18,2026-08-24,1с-эдо эпд-600,2,0,9,0,other
2026-08-17,2026-W34,yandex,2026-08-18,2026-08-24,1с: кп гу базовый на 12 месяцев,2,0,3,0,other
2026-08-17,2026-W34,yandex,2026-08-18,2026-08-24,1с: кп гу проф,2,0,10.5,0,other
2026-08-17,2026-W34,yandex,2026-08-18,2026-08-24,1с: кп отраслевой проф 3—ой категории на 12 месяцев купить,2,0,8,0,other
2026-08-17,2026-W34,yandex,2026-08-18,2026-08-24,1с: кп проф на 12 месяцев по схеме 8+4,2,0,7,0,lic
2026-08-17,2026-W34,yandex,2026-08-18,2026-08-24,1с: медицина. поликлиника. редакция 3. электронная поставка,2,0,9,0,other
2026-08-17,2026-W34,yandex,2026-08-18,2026-08-24,1с: предприятие 8.3 проф. лицензия на сервер (х86-64). электронная поставка,2,0,10.5,0,lic
2026-08-17,2026-W34,yandex,2026-08-18,2026-08-24,1с:документооборот 8 корп. электронная поставка,2,0,9.5,0,impl
2026-08-17,2026-W34,yandex,2026-08-18,2026-08-24,1с:комплект поддержки базовый,2,0,11,0,lic
2026-08-17,2026-W34,yandex,2026-08-18,2026-08-24,1с:комплект поддержки медицина,2,0,9,0,lic
2026-08-17,2026-W34,yandex,2026-08-18,2026-08-24,1с:комплект поддержки проф 8+4 что включает,2,0,9.5,0,lic
2026-08-17,2026-W34,yandex,2026-08-18,2026-08-24,1с:кп базовый на 12 месяцев,2,0,9,0,lic
2026-08-17,2026-W34,yandex,2026-08-18,2026-08-24,1с:кп гу проф на 12 месяцев купить,2,0,3.5,0,other
2026-08-17,2026-W34,yandex,2026-08-18,2026-08-24,"1с:кп отраслевой базовый, 2-я категория на 12 мес.",2,0,8.5,0,other
2026-08-17,2026-W34,yandex,2026-08-18,2026-08-24,"1с:кп отраслевой проф, 2-я категория на 12 месяцев",2,0,9,0,other
2026-08-17,2026-W34,yandex,2026-08-18,2026-08-24,1с:кп упп,2,0,4,0,other
2026-08-17,2026-W34,yandex,2026-08-18,2026-08-24,1с:медицина. поликлиника. редакция 3. электронная поставка,2,0,10,0,other
2026-08-17,2026-W34,yandex,2026-08-18,2026-08-24,1с:предприятие 8 проф коробка,2,0,6,0,other
2026-08-17,2026-W34,yandex,2026-08-18,2026-08-24,1с:предприятие 8. автосервис. электронная поставка,2,0,10.5,0,other
2026-08-17,2026-W34,yandex,2026-08-18,2026-08-24,1с:предприятие 8. производственная безопасность. охрана труда. электронная поставка,2,0,10.5,0,other
2026-08-17,2026-W34,yandex,2026-08-18,2026-08-24,1с:предприятие 8.3 проф. лицензия на сервер (x86-64). электронная поставка код 2900001833585,2,0,6.5,0,lic
2026-08-17,2026-W34,yandex,2026-08-18,2026-08-24,1c-эдо годовой. 200,2,0,5,0,other
2026-08-17,2026-W34,yandex,2026-08-18,2026-08-24,2900003658919,2,0,11,0,other
2026-08-17,2026-W34,yandex,2026-08-18,2026-08-24,4601546117595,2,0,8.5,0,other
2026-08-17,2026-W34,yandex,2026-08-18,2026-08-24,агентство алсана,2,0,31,0,brand
2026-08-17,2026-W34,yandex,2026-08-18,2026-08-24,алсана вакансии,2,0,10,0,brand
2026-08-17,2026-W34,yandex,2026-08-18,2026-08-24,аувикс и2и,2,0,3,0,b2b
2026-08-17,2026-W34,yandex,2026-08-18,2026-08-24,аувикс b2b,2,0,4,0,b2b
2026-08-17,2026-W34,yandex,2026-08-18,2026-08-24,битрикс 24 настройка цена,2,0,20,0,bitrix
2026-08-17,2026-W34,yandex,2026-08-18,2026-08-24,битуби ocs,2,0,7,0,b2b
2026-08-17,2026-W34,yandex,2026-08-18,2026-08-24,бот 1,2,0,19.5,0,tg
2026-08-17,2026-W34,yandex,2026-08-18,2026-08-24,бот в телеграм расчет времени бухгалтерия выплаты москва,2,0,10,0,tg
2026-08-17,2026-W34,yandex,2026-08-18,2026-08-24,бот-01 ремонт,2,0,11,0,tg
2026-08-17,2026-W34,yandex,2026-08-18,2026-08-24,бухгалтерия некоммерческой организации корп,2,0,12.5,0,other
2026-08-17,2026-W34,yandex,2026-08-18,2026-08-24,в2в втт,2,0,5.5,0,b2b
2026-08-17,2026-W34,yandex,2026-08-18,2026-08-24,в2в мерлион,2,0,4.5,0,b2b
2026-08-17,2026-W34,yandex,2026-08-18,2026-08-24,внедрение 1с автоматизация 1с,2,0,11.5,0,impl
2026-08-17,2026-W34,yandex,2026-08-18,2026-08-24,внедрение 1с ка комплексная автоматизация,2,0,7.5,0,impl
2026-08-17,2026-W34,yandex,2026-08-18,2026-08-24,внедрение 1с ут стоимость,2,0,7,0,impl
2026-08-17,2026-W34,yandex,2026-08-18,2026-08-24,внедрение битрикс цена,2,0,11,0,impl
2026-08-17,2026-W34,yandex,2026-08-18,2026-08-24,внедрение битрикс24 цены,2,0,11,0,impl
2026-08-17,2026-W34,yandex,2026-08-18,2026-08-24,дсслс,2,0,7.5,0,b2b
2026-08-17,2026-W34,yandex,2026-08-18,2026-08-24,заказать внедрение 1с франчайзи,2,0,11.5,0,impl
2026-08-17,2026-W34,yandex,2026-08-18,2026-08-24,и внедрил комплексную,2,0,9.5,0,impl
2026-08-17,2026-W34,yandex,2026-08-18,2026-08-24,и2и втт,2,0,5,0,b2b
2026-08-17,2026-W34,yandex,2026-08-18,2026-08-24,и2и дссл,2,0,8.5,0,b2b
2026-08-17,2026-W34,yandex,2026-08-18,2026-08-24,интеграция 1 с с маркетплейсами,2,0,26,0,mp
2026-08-17,2026-W34,yandex,2026-08-18,2026-08-24,интеграция 1с с маркетплейсами wildberries,2,0,23.5,0,mp
2026-08-17,2026-W34,yandex,2026-08-18,2026-08-24,интеграция для маркетплейса,2,0,35,0,mp
2026-08-17,2026-W34,yandex,2026-08-18,2026-08-24,интеграция маркетплейсов,2,0,16.5,0,mp
2026-08-17,2026-W34,yandex,2026-08-18,2026-08-24,интеграция озон и 1с,2,0,9,0,mp
2026-08-17,2026-W34,yandex,2026-08-18,2026-08-24,интеграция озон купить,2,0,12,0,mp
2026-08-17,2026-W34,yandex,2026-08-18,2026-08-24,интеграция с маркетплейсами ип овчинников,2,0,9.5,0,mp
2026-08-17,2026-W34,yandex,2026-08-18,2026-08-24,интеграция с cms,2,0,9,0,other
2026-08-17,2026-W34,yandex,2026-08-18,2026-08-24,интеграция ipro этм с 1с,2,0,3,0,b2b
2026-08-17,2026-W34,yandex,2026-08-18,2026-08-24,итс 1с кп базовый,2,0,9.5,0,lic
2026-08-17,2026-W34,yandex,2026-08-18,2026-08-24,итс кп медицина,2,0,11,0,lic
2026-08-17,2026-W34,yandex,2026-08-18,2026-08-24,итс по схеме 8+4,2,0,10,0,lic
2026-08-17,2026-W34,yandex,2026-08-18,2026-08-24,ка внедрение 1с,2,0,9.5,0,impl
2026-08-17,2026-W34,yandex,2026-08-18,2026-08-24,как отразить перевыставленные услуги от озон в 1с бухгалтерии,2,0,8,0,mp
2026-08-17,2026-W34,yandex,2026-08-18,2026-08-24,картинка wb и озон для 1с,2,0,10,0,mp
2026-08-17,2026-W34,yandex,2026-08-18,2026-08-24,комплексная автоматизация,2,0,20.5,0,impl
2026-08-17,2026-W34,yandex,2026-08-18,2026-08-24,кп проф на 12 месяцев,2,0,11,0,lic
2026-08-17,2026-W34,yandex,2026-08-18,2026-08-24,кп упп,2,0,4,0,other
2026-08-17,2026-W34,yandex,2026-08-18,2026-08-24,кппро12лц,2,0,2,0,other
2026-08-17,2026-W34,yandex,2026-08-18,2026-08-24,купить 1с итс проф на 12 месяцев,2,0,10,0,lic
2026-08-17,2026-W34,yandex,2026-08-18,2026-08-24,лицензии 1с 20,2,0,8,0,lic
2026-08-17,2026-W34,yandex,2026-08-18,2026-08-24,модули расширения для работы по fbs wb для 1с унф,2,0,11.5,0,mp
2026-08-17,2026-W34,yandex,2026-08-18,2026-08-24,модуль для вб интеграция унф,2,0,9.5,0,impl
2026-08-17,2026-W34,yandex,2026-08-18,2026-08-24,модуль обмена с озон для 1с ут,2,0,12,0,mp
2026-08-17,2026-W34,yandex,2026-08-18,2026-08-24,найти модуль для учета товаров на маркетплейсе wildberries ул люблинская д 141,2,0,12.5,0,mp
2026-08-17,2026-W34,yandex,2026-08-18,2026-08-24,настройка триггеров в amocrm заказать,2,0,8.5,0,other
2026-08-17,2026-W34,yandex,2026-08-18,2026-08-24,начисление енп в 1с комплексная автоматизация,2,0,11,0,impl
2026-08-17,2026-W34,yandex,2026-08-18,2026-08-24,обновление ут 10.3 до 11.5,2,0,10.5,0,other
2026-08-17,2026-W34,yandex,2026-08-18,2026-08-24,обновление ут 10.3 до 11.5 цена лицензии,2,0,1,0,lic
2026-08-17,2026-W34,yandex,2026-08-18,2026-08-24,обработки переноса данных из ут в унф,2,0,9,0,impl
2026-08-17,2026-W34,yandex,2026-08-18,2026-08-24,организациям которые помогают внедрить программу ка 2,2,1,1.5,0.5,other
2026-08-17,2026-W34,yandex,2026-08-18,2026-08-24,отражение ндс в 1с по выставленным счетам фактурам из отчета озона о перевыставленных услугах,2,0,13,0,mp
2026-08-17,2026-W34,yandex,2026-08-18,2026-08-24,перевод с ут 10 на унф,2,0,5.5,0,impl
2026-08-17,2026-W34,yandex,2026-08-18,2026-08-24,перевыставленные услуги маркетплейсов в 1с,2,0,7,0,mp
2026-08-17,2026-W34,yandex,2026-08-18,2026-08-24,перенос данных из 1с 10.3.33 в 11.5,2,0,10,0,other
2026-08-17,2026-W34,yandex,2026-08-18,2026-08-24,перенос данных из моего склада в 1с унф,2,0,10,0,impl
2026-08-17,2026-W34,yandex,2026-08-18,2026-08-24,перенос данных из мой склад в 1с,2,0,13.5,0,other
2026-08-17,2026-W34,yandex,2026-08-18,2026-08-24,перенос данных из ут 10.3 в унф,2,0,6.5,0,impl
2026-08-17,2026-W34,yandex,2026-08-18,2026-08-24,перенос данных с ут 10.3 на ут 11.5,2,0,8.5,0,other
2026-08-17,2026-W34,yandex,2026-08-18,2026-08-24,"перенос данных ут 10.3 — розница 3.0, унф 3.0.epf»",2,0,8,0,impl
2026-08-17,2026-W34,yandex,2026-08-18,2026-08-24,перенос данных ут 10.3 унф скачать,2,0,7,0,impl
2026-08-17,2026-W34,yandex,2026-08-18,2026-08-24,"перенос справочников из ут 10,3 в ут 11,5",2,0,10,0,other
2026-08-17,2026-W34,yandex,2026-08-18,2026-08-24,переход из ут 10.3 в ут 11.5,2,0,11.5,0,other
2026-08-17,2026-W34,yandex,2026-08-18,2026-08-24,переход с упп в ут 11,2,0,9.5,0,other
2026-08-17,2026-W34,yandex,2026-08-18,2026-08-24,"переход ут с0 10,3 на 11,5",2,0,11,0,other
2026-08-17,2026-W34,yandex,2026-08-18,2026-08-24,пинчер кейс гуд вуд crm,2,0,9.5,0,other
2026-08-17,2026-W34,yandex,2026-08-18,2026-08-24,поддержка 1 с 8 + 4,2,0,7.5,0,other
2026-08-17,2026-W34,yandex,2026-08-18,2026-08-24,подписка итс медицина,2,0,21.5,0,lic
2026-08-17,2026-W34,yandex,2026-08-18,2026-08-24,предприятии производственном на erp 1с внедрения стоимость,2,0,9,0,impl
2026-08-17,2026-W34,yandex,2026-08-18,2026-08-24,программа интеграции озон,2,0,9,0,mp
2026-08-17,2026-W34,yandex,2026-08-18,2026-08-24,пэк расширение для 1с ут,2,0,9.5,0,other
2026-08-17,2026-W34,yandex,2026-08-18,2026-08-24,русский свет работа с юридическими лицами,2,0,7.5,0,tg
2026-08-17,2026-W34,yandex,2026-08-18,2026-08-24,сервер мини 1с на 5 пользователей,2,0,22.5,0,other
2026-08-17,2026-W34,yandex,2026-08-18,2026-08-24,синхронизация 1с купить,2,0,11.5,0,other
2026-08-17,2026-W34,yandex,2026-08-18,2026-08-24,синхронизация 1с ут 11 унф 3,2,1,4.5,0.5,impl
2026-08-17,2026-W34,yandex,2026-08-18,2026-08-24,синхронизация между ут 10 и ут 11,2,0,4.5,0,other
2026-08-17,2026-W34,yandex,2026-08-18,2026-08-24,синхронизация ут 11.5 и унф 3,2,0,10,0,impl
2026-08-17,2026-W34,yandex,2026-08-18,2026-08-24,система на основе 1с 8 vatec,2,0,9.5,0,other
2026-08-17,2026-W34,yandex,2026-08-18,2026-08-24,сколько стоит внедрение 1с комплексная автоматизация,2,1,2.5,0.5,impl
2026-08-17,2026-W34,yandex,2026-08-18,2026-08-24,сколько стоит внедрение битрикс,2,0,12,0,impl
2026-08-17,2026-W34,yandex,2026-08-18,2026-08-24,сколько стоит внедрение битрикс 24,2,0,36.5,0,impl
2026-08-17,2026-W34,yandex,2026-08-18,2026-08-24,специалист по внедрению erp расчет,2,0,7.5,0,impl
2026-08-17,2026-W34,yandex,2026-08-18,2026-08-24,стоимость внедрения 1с erp,2,0,39,0,impl
2026-08-17,2026-W34,yandex,2026-08-18,2026-08-24,стоимость внедрения срм битрикс24 со сквозной аналитикой бизнеса,2,0,9.5,0,impl
2026-08-17,2026-W34,yandex,2026-08-18,2026-08-24,стоимость лицензий 1с 8 3,2,0,34.5,0,lic
2026-08-17,2026-W34,yandex,2026-08-18,2026-08-24,триолан b2b,2,0,6,0,b2b
2026-08-17,2026-W34,yandex,2026-08-18,2026-08-24,унф 1с цена на 5 пользователей,2,0,10.5,0,impl
2026-08-17,2026-W34,yandex,2026-08-18,2026-08-24,ут 11 внедрение,2,0,12,0,impl
2026-08-17,2026-W34,yandex,2026-08-18,2026-08-24,учет последней мили счета фактуры от посредников на озоне в 1с бухгалтерия,2,0,10,0,mp
2026-08-17,2026-W34,yandex,2026-08-18,2026-08-24,учет услуг мили ozon в 1с,2,1,7,0.5,mp
2026-08-17,2026-W34,yandex,2026-08-18,2026-08-24,франчайзи 1с зеденогррд,2,0,1,0,other
2026-08-17,2026-W34,yandex,2026-08-18,2026-08-24,фрид метки в 1с,2,0,6.5,0,other
2026-08-17,2026-W34,yandex,2026-08-18,2026-08-24,цена интеграции 1с с корпоративным b2b порталом ип овчинников,2,0,11,0,b2b
2026-08-17,2026-W34,yandex,2026-08-18,2026-08-24,цена лицензии 1с 8 3,2,0,36,0,lic
2026-08-17,2026-W34,yandex,2026-08-18,2026-08-24,цена настройки битрикс24,2,0,10,0,bitrix
2026-08-17,2026-W34,yandex,2026-08-18,2026-08-24,чат бот для кафе осми,2,0,9,0,tg
2026-08-17,2026-W34,yandex,2026-08-18,2026-08-24,чат бот для ресторана,2,0,9,0,tg
2026-08-17,2026-W34,yandex,2026-08-18,2026-08-24,что делают программисты 1с в инхаус,2,0,10,0,other
2026-08-17,2026-W34,yandex,2026-08-18,2026-08-24,что такое перевыставление услуг последней мили,2,0,8,0,other
2026-08-17,2026-W34,yandex,2026-08-18,2026-08-24,эдо годовой 200,2,0,5,0,other
2026-08-17,2026-W34,yandex,2026-08-18,2026-08-24,электронная лицензия 1с цена,2,0,25.5,0,lic
2026-08-17,2026-W34,yandex,2026-08-18,2026-08-24,этм айпро 2,2,0,41,0,b2b
2026-08-17,2026-W34,yandex,2026-08-18,2026-08-24,юот помощник для строительной компании в бухгалтерии,2,0,5.5,0,other
2026-08-17,2026-W34,yandex,2026-08-18,2026-08-24,api для поставщика,2,0,8.5,0,other
2026-08-17,2026-W34,yandex,2026-08-18,2026-08-24,api b2b centr,2,0,12.5,0,b2b
2026-08-17,2026-W34,yandex,2026-08-18,2026-08-24,b2b дссл,2,0,3.5,0,b2b
2026-08-17,2026-W34,yandex,2026-08-18,2026-08-24,b2b триолан,2,0,5,0,b2b
2026-08-17,2026-W34,yandex,2026-08-18,2026-08-24,b2b marvel,2,0,2.5,0,b2b
2026-08-17,2026-W34,yandex,2026-08-18,2026-08-24,b2b ocs ru личный кабинет,2,0,4,0,b2b
2026-08-17,2026-W34,yandex,2026-08-18,2026-08-24,b2b osc,2,0,8.5,0,b2b
2026-08-17,2026-W34,yandex,2026-08-18,2026-08-24,b2b resurs media ru,2,0,5.5,0,b2b
2026-08-17,2026-W34,yandex,2026-08-18,2026-08-24,b2b treolan.ru,2,0,7.5,0,b2b
2026-08-17,2026-W34,yandex,2026-08-18,2026-08-24,b2b vtt ru,2,0,7,0,b2b
2026-08-17,2026-W34,yandex,2026-08-18,2026-08-24,b2b.3logic,2,0,4,0,b2b
2026-08-17,2026-W34,yandex,2026-08-18,2026-08-24,b2b.marvel.ru,2,0,5.5,0,b2b
2026-08-17,2026-W34,yandex,2026-08-18,2026-08-24,b2b.merlion.ru,2,0,9,0,b2b
2026-08-17,2026-W34,yandex,2026-08-18,2026-08-24,b2b/auvix,2,0,3,0,b2b
2026-08-17,2026-W34,yandex,2026-08-18,2026-08-24,btb2 merlion,2,0,4,0,b2b
2026-08-17,2026-W34,yandex,2026-08-18,2026-08-24,crm система внутренняя для производства мебели для цеха,2,0,10,0,other
2026-08-17,2026-W34,yandex,2026-08-18,2026-08-24,digis b2b,2,0,4,0,b2b
2026-08-17,2026-W34,yandex,2026-08-18,2026-08-24,edi с русским светом,2,0,6,0,other
2026-08-17,2026-W34,yandex,2026-08-18,2026-08-24,erp маркетплейсов купить,2,0,13,0,mp
2026-08-17,2026-W34,yandex,2026-08-18,2026-08-24,erp системы стоимость внедрения,2,0,21,0,impl
2026-08-17,2026-W34,yandex,2026-08-18,2026-08-24,exe/extreps/unireps83/uploadtoxml,2,0,10.5,0,other
2026-08-17,2026-W34,yandex,2026-08-18,2026-08-24,https://1c.24tunel.ru:8024/1,2,0,10.5,0,other
2026-08-17,2026-W34,yandex,2026-08-18,2026-08-24,https://b2b. marvel.ru,2,0,5,0,b2b
2026-08-17,2026-W34,yandex,2026-08-18,2026-08-24,ipro2 этм,2,0,37,0,b2b
2026-08-17,2026-W34,yandex,2026-08-18,2026-08-24,mèrlion b2b,2,0,3.5,0,b2b
2026-08-17,2026-W34,yandex,2026-08-18,2026-08-24,ocs btb,2,0,5.5,0,b2b
2026-08-17,2026-W34,yandex,2026-08-18,2026-08-24,ozon 1с,2,0,22,0,mp
2026-08-17,2026-W34,yandex,2026-08-18,2026-08-24,power bi строительство,2,1,3,0.5,other
2026-08-17,2026-W34,yandex,2026-08-18,2026-08-24,resurs media ru b2b,2,0,4.5,0,b2b
2026-08-17,2026-W34,yandex,2026-08-18,2026-08-24,rfid-метки в 1с,2,5,2,2.5,other
2026-08-17,2026-W34,yandex,2026-08-18,2026-08-24,treolan api,2,0,7,0,b2b
2026-08-17,2026-W34,yandex,2026-08-18,2026-08-24,vtt b2b вход,2,0,4.5,0,b2b
2026-08-17,2026-W34,yandex,2026-08-18,2026-08-24,1с бухгалтерия 8 проф электронная поставка,1,0,33,0,other
2026-08-17,2026-W34,yandex,2026-08-18,2026-08-24,1с комплексная автоматизация поддержка,1,0,16,0,impl
2026-08-17,2026-W34,yandex,2026-08-18,2026-08-24,1с комплект поддержки проф 8 4,1,0,9,0,lic
2026-08-17,2026-W34,yandex,2026-08-18,2026-08-24,1с кп,1,0,12,0,other
2026-08-17,2026-W34,yandex,2026-08-18,2026-08-24,1с кп базовый на 6 месяцев льготная цена,1,0,5,0,lic
2026-08-17,2026-W34,yandex,2026-08-18,2026-08-24,1с кп гу базовый на 12 месяцев,1,0,4,0,other
2026-08-17,2026-W34,yandex,2026-08-18,2026-08-24,1с кп медицина,1,0,11,0,other
2026-08-17,2026-W34,yandex,2026-08-18,2026-08-24,1с кп упп на 12 месяцев цена itsvsem,1,0,5,0,other
2026-08-17,2026-W34,yandex,2026-08-18,2026-08-24,1с метрологическая служба,1,0,29,0,other
2026-08-17,2026-W34,yandex,2026-08-18,2026-08-24,1с метрология цена,1,0,10,0,other
2026-08-17,2026-W34,yandex,2026-08-18,2026-08-24,1с официальный сайт бот для уборки номеров,1,0,13,0,tg
2026-08-17,2026-W34,yandex,2026-08-18,2026-08-24,1с предприятие 8 производственная безопасность пожарная безопасность электронная поставка,1,0,11,0,other
2026-08-17,2026-W34,yandex,2026-08-18,2026-08-24,1с предприятие 8 проф клиентская лицензия на 10 рабочих мест,1,0,9,0,lic
2026-08-17,2026-W34,yandex,2026-08-18,2026-08-24,1с унф внедрение,1,0,41,0,impl
2026-08-17,2026-W34,yandex,2026-08-18,2026-08-24,1с унф wildberries,1,0,24,0,mp
2026-08-17,2026-W34,yandex,2026-08-18,2026-08-24,1с упп упп на 12 месяцев,1,0,3,0,other
2026-08-17,2026-W34,yandex,2026-08-18,2026-08-24,1с управление нашей фирмой 8 на 5 пользователей электронная поставка,1,0,33,0,other
2026-08-17,2026-W34,yandex,2026-08-18,2026-08-24,1с упт,1,0,6,0,other
2026-08-17,2026-W34,yandex,2026-08-18,2026-08-24,1с эдо годовой 200 что входит,1,0,4,0,other
2026-08-17,2026-W34,yandex,2026-08-18,2026-08-24,1с эдо эпд 600,1,0,9,0,other
2026-08-17,2026-W34,yandex,2026-08-18,2026-08-24,1с элемент купить,1,0,13,0,other
2026-08-17,2026-W34,yandex,2026-08-18,2026-08-24,1с google maps,1,0,6,0,other
2026-08-17,2026-W34,yandex,2026-08-18,2026-08-24,1с-эдо. эпд-600 цена,1,0,10,0,other
2026-08-17,2026-W34,yandex,2026-08-18,2026-08-24,1с: кп проф на 24 месяца. льготная цена,1,0,9,0,lic
2026-08-17,2026-W34,yandex,2026-08-18,2026-08-24,1с:комплект поддержки проф 8+4,1,0,7,0,lic
2026-08-17,2026-W34,yandex,2026-08-18,2026-08-24,1с:кп базовый на 6 месяцев,1,0,8,0,lic
2026-08-17,2026-W34,yandex,2026-08-18,2026-08-24,1с:кп гу проф на 12 месяцев,1,0,4,0,other
2026-08-17,2026-W34,yandex,2026-08-18,2026-08-24,"1с:кп отраслевой проф, 4-я категория цена",1,0,11,0,other
2026-08-17,2026-W34,yandex,2026-08-18,2026-08-24,1с:кп проф на 24 месяца. льготная цена,1,0,6,0,lic
2026-08-17,2026-W34,yandex,2026-08-18,2026-08-24,1с:предприятие 8 проф. клиентская лицензия на 10 рабочих мест. электронная поставка *,1,0,11,0,lic
2026-08-17,2026-W34,yandex,2026-08-18,2026-08-24,1с:предприятие 8 проф. клиентская лицензия на 100 рабочих мест. электронная поставка,1,0,13,0,lic
2026-08-17,2026-W34,yandex,2026-08-18,2026-08-24,1с:предприятие 8 проф. клиентская лицензия на 50 рабочих мест. электронная поставка,1,0,13,0,lic
2026-08-17,2026-W34,yandex,2026-08-18,2026-08-24,1с:предприятие 8. метрологическая служба. электронная поставка,1,0,6,0,other
2026-08-17,2026-W34,yandex,2026-08-18,2026-08-24,1с:предприятие 8.3 проф,1,0,10,0,other
2026-08-17,2026-W34,yandex,2026-08-18,2026-08-24,1с:предприятие 8.3 проф. лицензия на сервер,1,0,16,0,lic
2026-08-17,2026-W34,yandex,2026-08-18,2026-08-24,2900001833585 1с предприятие 8.3 проф лицензия на сервер x86-64 электронная поставка,1,0,2,0,lic
2026-08-17,2026-W34,yandex,2026-08-18,2026-08-24,2900002634259,1,0,8,0,other
2026-08-17,2026-W34,yandex,2026-08-18,2026-08-24,2900002704754,1,0,12,0,other
2026-08-17,2026-W34,yandex,2026-08-18,2026-08-24,30101810645250000092,1,0,10,0,other
2026-08-17,2026-W34,yandex,2026-08-18,2026-08-24,3logic ru b2b,1,0,5,0,b2b
2026-08-17,2026-W34,yandex,2026-08-18,2026-08-24,автоматизация и внедрение 1с,1,0,31,0,impl
2026-08-17,2026-W34,yandex,2026-08-18,2026-08-24,"аллсан интеграция ул. юности, 8, зеленоград отзывы",1,0,3,0,brand
2026-08-17,2026-W34,yandex,2026-08-18,2026-08-24,б2б треолан,1,0,6,0,b2b
2026-08-17,2026-W34,yandex,2026-08-18,2026-08-24,би ту би мерлион,1,0,7,0,b2b
2026-08-17,2026-W34,yandex,2026-08-18,2026-08-24,бик 044525092,1,0,8,0,other
2026-08-17,2026-W34,yandex,2026-08-18,2026-08-24,битуби мерлион,1,0,4,0,b2b
2026-08-17,2026-W34,yandex,2026-08-18,2026-08-24,бот 1с эдо пользователь что это,1,0,10,0,tg
2026-08-17,2026-W34,yandex,2026-08-18,2026-08-24,бот телеграм интеграция 1с,1,0,3,0,tg
2026-08-17,2026-W34,yandex,2026-08-18,2026-08-24,бот технической поддержки ип овчинников,1,0,10,0,tg
2026-08-17,2026-W34,yandex,2026-08-18,2026-08-24,внедрение ут,1,0,18,0,impl
2026-08-17,2026-W34,yandex,2026-08-18,2026-08-24,внедрить 1с управление торговлей,1,0,28,0,other
2026-08-17,2026-W34,yandex,2026-08-18,2026-08-24,втт б2б вход,1,0,10,0,b2b
2026-08-17,2026-W34,yandex,2026-08-18,2026-08-24,демобот,1,0,12,0,tg
2026-08-17,2026-W34,yandex,2026-08-18,2026-08-24,дигис б2б,1,0,5,0,b2b
2026-08-17,2026-W34,yandex,2026-08-18,2026-08-24,дигис b2b,1,0,5,0,b2b
2026-08-17,2026-W34,yandex,2026-08-18,2026-08-24,интеграция с 1с что это такое,1,0,21,0,other
2026-08-17,2026-W34,yandex,2026-08-18,2026-08-24,итс базовый,1,0,8,0,lic
2026-08-17,2026-W34,yandex,2026-08-18,2026-08-24,итс купить assistant1c,1,0,8,0,lic
2026-08-17,2026-W34,yandex,2026-08-18,2026-08-24,итс отраслевой 2 категории стоимость,1,0,12,0,lic
2026-08-17,2026-W34,yandex,2026-08-18,2026-08-24,как перенести данные из 1с ут в 1с унф,1,0,9,0,impl
2026-08-17,2026-W34,yandex,2026-08-18,2026-08-24,компании внедрение erp расчет,1,0,9,0,impl
2026-08-17,2026-W34,yandex,2026-08-18,2026-08-24,комплексная автоматизация бизнеса москва,1,0,3,0,impl
2026-08-17,2026-W34,yandex,2026-08-18,2026-08-24,комплект итс,1,0,9,0,lic
2026-08-17,2026-W34,yandex,2026-08-18,2026-08-24,кп базовый итс 1с,1,0,6,0,lic
2026-08-17,2026-W34,yandex,2026-08-18,2026-08-24,купить 1с кп,1,0,10,0,lic
2026-08-17,2026-W34,yandex,2026-08-18,2026-08-24,лицензия 1с проф цена,1,0,30,0,lic
2026-08-17,2026-W34,yandex,2026-08-18,2026-08-24,мерлион в2в личный кабинет,1,0,6,0,b2b
2026-08-17,2026-W34,yandex,2026-08-18,2026-08-24,настройка битрикс24 цена,1,0,42,0,bitrix
2026-08-17,2026-W34,yandex,2026-08-18,2026-08-24,о си эс центр b2b,1,0,6,0,b2b
2026-08-17,2026-W34,yandex,2026-08-18,2026-08-24,перенос данных из ут 11 в унф,1,0,8,0,impl
2026-08-17,2026-W34,yandex,2026-08-18,2026-08-24,перенос данных ут 10.3 розница 3.0 унф 3.0.epf скачать,1,0,12,0,impl
2026-08-17,2026-W34,yandex,2026-08-18,2026-08-24,переход с ут на унф,1,0,6,0,impl
2026-08-17,2026-W34,yandex,2026-08-18,2026-08-24,поддержка 1с унф,1,0,29,0,impl
2026-08-17,2026-W34,yandex,2026-08-18,2026-08-24,проекты алсана,1,0,3,0,brand
2026-08-17,2026-W34,yandex,2026-08-18,2026-08-24,сколько стоит настройка битрикс 24,1,0,9,0,bitrix
2026-08-17,2026-W34,yandex,2026-08-18,2026-08-24,сопровождение 1с зарплата и кадры,1,0,7,0,support
2026-08-17,2026-W34,yandex,2026-08-18,2026-08-24,стоимость внедрения 1с документооборот 8,1,0,12,0,impl
2026-08-17,2026-W34,yandex,2026-08-18,2026-08-24,стоимость внедрения 1с документооборот 8 svcnet,1,0,7,0,impl
2026-08-17,2026-W34,yandex,2026-08-18,2026-08-24,стоимость внедрения битрикс24 цена,1,0,1,0,impl
2026-08-17,2026-W34,yandex,2026-08-18,2026-08-24,универсальный загрузчик из маркетплейс в 1с,1,0,12,0,mp
2026-08-17,2026-W34,yandex,2026-08-18,2026-08-24,управление торговлей электронная поставка,1,0,11,0,other
2026-08-17,2026-W34,yandex,2026-08-18,2026-08-24,цена внедрение 1с 8,1,0,11,0,impl
2026-08-17,2026-W34,yandex,2026-08-18,2026-08-24,цена интеграции,1,0,8,0,other
2026-08-17,2026-W34,yandex,2026-08-18,2026-08-24,этм интеграция 1с,1,0,4,0,b2b
2026-08-17,2026-W34,yandex,2026-08-18,2026-08-24,этп базис,1,0,9,0,other
2026-08-17,2026-W34,yandex,2026-08-18,2026-08-24,api этм,1,0,6,0,b2b
2026-08-17,2026-W34,yandex,2026-08-18,2026-08-24,auvix,1,0,8,0,b2b
2026-08-17,2026-W34,yandex,2026-08-18,2026-08-24,b2b resource media,1,0,5,0,b2b
2026-08-17,2026-W34,yandex,2026-08-18,2026-08-24,b2b.marvel,1,0,3,0,b2b
2026-08-17,2026-W34,yandex,2026-08-18,2026-08-24,b2b.mer,1,0,6,0,b2b
2026-08-17,2026-W34,yandex,2026-08-18,2026-08-24,crm для мебельной фабрики,1,0,5,0,other
2026-08-17,2026-W34,yandex,2026-08-18,2026-08-24,ipro сервис,1,0,5,0,other
2026-08-17,2026-W34,yandex,2026-08-18,2026-08-24,ocs api,1,0,6,0,b2b
2026-08-17,2026-W34,yandex,2026-08-18,2026-08-24,osc b2b вход,1,0,10,0,b2b
2026-08-17,2026-W34,yandex,2026-08-18,2026-08-24,resurs-media.ru b2b,1,0,6,0,b2b
